2025.04.09-23.59.11;ZzZproxgamerZzZ;00028b3d187d42bbb2d4c982b2022958;ZzZproxgamerZzZ;00028b3d187d42bbb2d4c982b2022958;suicide_by_relocation;0;
2025.04.10-00.01.18;ExHyper;000240ecc1ba45d59962bc2d34e0177e;ExHyper;000240ecc1ba45d59962bc2d34e0177e;suicide_by_relocation;0;
2025.04.10-00.02.53;Darknight-7503;00028a3ae3b340a3a2ce149634ddc264;Darknight-7503;00028a3ae3b340a3a2ce149634ddc264;falling;0;
2025.04.10-00.08.49;JAYSOJHEEZX1;00027407ea8b4229bfc7d66b7d58e2fb;JAYSOJHEEZX1;00027407ea8b4229bfc7d66b7d58e2fb;suicide_by_relocation;0;
2025.04.10-00.17.03;J0RD247;00023295aef94dbf956caa2866aa432e;rafadgb;000222059f5c45f585219fcaaed3c820;AK-SU;15;
2025.04.10-00.17.42;XBUMBLE B3E03X;0002473f9fbb44ea8029f366d35d7572;rafadgb;000222059f5c45f585219fcaaed3c820;BB-19;2;
2025.04.10-00.19.11;ExHyper;000240ecc1ba45d59962bc2d34e0177e;ExHyper;000240ecc1ba45d59962bc2d34e0177e;falling;0;
2025.04.10-00.19.34;JAYSOJHEEZX1;00027407ea8b4229bfc7d66b7d58e2fb;JAYSOJHEEZX1;00027407ea8b4229bfc7d66b7d58e2fb;suicide_by_relocation;0;
2025.04.10-00.20.50;Redmd3348;0002bf38ad254402bedb92e94cade906;Redmd3348;0002bf38ad254402bedb92e94cade906;suicide_by_relocation;0;
2025.04.10-00.21.07;J0RD247;00023295aef94dbf956caa2866aa432e;Xbox god1238681;000217eb588b4d55b981381aa02687f9;VSD;49;
2025.04.10-00.21.30;XBUMBLE B3E03X;0002473f9fbb44ea8029f366d35d7572;AcePanzo;0002f514339d434b98033e24ef82f500;Mosin;57;
2025.04.10-00.22.28;RED REAPER8973;00025690b0234d83bcd3c3e04f973b29;XBUMBLE B3E03X;0002473f9fbb44ea8029f366d35d7572;AK-mod;34;
2025.04.10-00.23.34;RED REAPER8973;00025690b0234d83bcd3c3e04f973b29;J0RD247;00023295aef94dbf956caa2866aa432e;AK-mod;14;
2025.04.10-00.23.56;rafadgb;000222059f5c45f585219fcaaed3c820;rafadgb;000222059f5c45f585219fcaaed3c820;falling;0;
2025.04.10-00.32.09;Naynasset;0002ee9f9b4c4d5180f8e9dc00931f71;Naynasset;0002ee9f9b4c4d5180f8e9dc00931f71;suicide_by_relocation;0;
2025.04.10-00.34.26;XBUMBLE B3E03X;0002473f9fbb44ea8029f366d35d7572;RED REAPER8973;00025690b0234d83bcd3c3e04f973b29;MR5;8;
2025.04.10-00.34.32;Xbox god1238681;000217eb588b4d55b981381aa02687f9;XBUMBLE B3E03X;0002473f9fbb44ea8029f366d35d7572;AK-SU;11;
2025.04.10-00.35.23;AcePanzo;0002f514339d434b98033e24ef82f500;J0RD247;00023295aef94dbf956caa2866aa432e;MS590;1;
2025.04.10-00.37.43;J0RD247;00023295aef94dbf956caa2866aa432e;J0RD247;00023295aef94dbf956caa2866aa432e;falling;0;
2025.04.10-00.44.24;brandoncamino96;00025b460f444885a4856f069d7f9203;RED REAPER8973;00025690b0234d83bcd3c3e04f973b29;AR4-M;9;
2025.04.10-00.45.40;Don Leon peti;00028e30584b447aa24bb11402a246d8;Xbox god1238681;000217eb588b4d55b981381aa02687f9;AR4-M;12;
2025.04.10-00.45.59;Don Leon peti;00028e30584b447aa24bb11402a246d8;AcePanzo;0002f514339d434b98033e24ef82f500;AR4-M;15;
2025.04.10-00.46.19;RED REAPER8973;00025690b0234d83bcd3c3e04f973b29;Don Leon peti;00028e30584b447aa24bb11402a246d8;MR5;7;
2025.04.10-00.50.42;Don Leon peti;00028e30584b447aa24bb11402a246d8;RED REAPER8973;00025690b0234d83bcd3c3e04f973b29;AK-SU;5;
2025.04.10-00.50.43;Xbox god1238681;000217eb588b4d55b981381aa02687f9;Don Leon peti;00028e30584b447aa24bb11402a246d8;AR4-M;6;
2025.04.10-00.50.49;PcM Rusty;0002a62e707140c2a4d4025d46683978;PcM Rusty;0002a62e707140c2a4d4025d46683978;falling;0;
2025.04.10-00.55.53;brandoncamino96;00025b460f444885a4856f069d7f9203;brandoncamino96;00025b460f444885a4856f069d7f9203;suicide_by_relocation;0;
2025.04.10-00.56.44;AdriBull95;0002c91d3b8241a1adf62667591e813f;GraveReplayz;00026eff2d744001be642d3f776b7735;AK-mod;35;
2025.04.10-01.05.51;Pryex__;00023f03ebb941f2858f1dd22513f397;J0RD247;00023295aef94dbf956caa2866aa432e;Mosin;38;
2025.04.10-01.07.47;GraveReplayz;00026eff2d744001be642d3f776b7735;GraveReplayz;00026eff2d744001be642d3f776b7735;falling;0;
2025.04.10-01.08.36;KT93141;00022ba2df89427c8a252ab6be1df3f3;KT93141;00022ba2df89427c8a252ab6be1df3f3;falling;0;
2025.04.10-01.09.45;GraveReplayz;00026eff2d744001be642d3f776b7735;GraveReplayz;00026eff2d744001be642d3f776b7735;falling;0;
2025.04.10-01.12.33;Revz3102;0002dd7e36b945b78079a5119914c955;GraveReplayz;00026eff2d744001be642d3f776b7735;IZH-43;6;
2025.04.10-01.12.50;JAYSOJHEEZX1;00027407ea8b4229bfc7d66b7d58e2fb;JAYSOJHEEZX1;00027407ea8b4229bfc7d66b7d58e2fb;suicide_by_relocation;0;
2025.04.10-01.17.56;GraveReplayz;00026eff2d744001be642d3f776b7735;GraveReplayz;00026eff2d744001be642d3f776b7735;suicide_by_relocation;0;
2025.04.10-01.21.10;SupremeFighter_;00021e7e771b43e0a0d39aed21e7149d;SupremeFighter_;00021e7e771b43e0a0d39aed21e7149d;suicide_by_relocation;0;
2025.04.10-01.23.29;JAYSOJHEEZX1;00027407ea8b4229bfc7d66b7d58e2fb;JAYSOJHEEZX1;00027407ea8b4229bfc7d66b7d58e2fb;suicide_by_relocation;0;
2025.04.10-01.27.20;AdriBull95;0002c91d3b8241a1adf62667591e813f;SupremeFighter_;00021e7e771b43e0a0d39aed21e7149d;MR5;44;
2025.04.10-01.28.30;AdriBull95;0002c91d3b8241a1adf62667591e813f;SupremeFighter_;00021e7e771b43e0a0d39aed21e7149d;MR5;50;
2025.04.10-01.40.57;SupremeFighter_;00021e7e771b43e0a0d39aed21e7149d;SupremeFighter_;00021e7e771b43e0a0d39aed21e7149d;suicide_by_relocation;0;
2025.04.10-01.53.38;PcM Rusty;0002a62e707140c2a4d4025d46683978;PcM Rusty;0002a62e707140c2a4d4025d46683978;suicide_by_relocation;0;
2025.04.10-02.07.28;Bose Ente;00028982db804571aabaa727718ebfd9;Moldyajex;0002b19a3bbb4e9daee237ad820860c9;UAG;14;
2025.04.10-02.15.13;Nero420ImHim;0002c6e17025411e8709a34062e22b9f;Revz3102;0002dd7e36b945b78079a5119914c955;UAG;5;
2025.04.10-02.15.18;PcM Rusty;0002a62e707140c2a4d4025d46683978;AdriBull95;0002c91d3b8241a1adf62667591e813f;S85;40;
2025.04.10-02.20.25;RED REAPER8973;00025690b0234d83bcd3c3e04f973b29;Redmd3348;0002bf38ad254402bedb92e94cade906;F-10;0;
2025.04.10-02.24.59;PcM Rusty;0002a62e707140c2a4d4025d46683978;PcM Rusty;0002a62e707140c2a4d4025d46683978;suicide_by_relocation;0;
2025.04.10-03.03.05;PcM Rusty;0002a62e707140c2a4d4025d46683978;PcM Rusty;0002a62e707140c2a4d4025d46683978;suicide_by_relocation;0;
2025.04.10-03.04.05;SupremeFighter_;00021e7e771b43e0a0d39aed21e7149d;SupremeFighter_;00021e7e771b43e0a0d39aed21e7149d;suicide_by_relocation;0;
2025.04.10-03.04.40;Nero420ImHim;0002c6e17025411e8709a34062e22b9f;DG big native;0002aa7fe5444613a9d490007c405218;NK417;29;
2025.04.10-03.07.19;BuIIet_Sponge_;0002960df7b943e9912f3f23f9f3e1a4;BuIIet_Sponge_;0002960df7b943e9912f3f23f9f3e1a4;suicide_by_relocation;0;
2025.04.10-03.18.08;Nero420ImHim;0002c6e17025411e8709a34062e22b9f;DG big native;0002aa7fe5444613a9d490007c405218;NK417;62;
2025.04.10-03.51.33;Jxke_S;0002e053889844fa82afa5e87ddf1796;ZzZproxgamerZzZ;00028b3d187d42bbb2d4c982b2022958;AK-mod;3;
2025.04.10-04.18.20;SupremeFighter_;00021e7e771b43e0a0d39aed21e7149d;SupremeFighter_;00021e7e771b43e0a0d39aed21e7149d;suicide_by_relocation;0;
2025.04.10-04.50.23;iDemonX69;00027a7adf9344e89ec808a274e13131;iDemonX69;00027a7adf9344e89ec808a274e13131;suicide_by_relocation;0;
2025.04.10-04.50.45;PcM Rusty;0002a62e707140c2a4d4025d46683978;PcM Rusty;0002a62e707140c2a4d4025d46683978;suicide_by_relocation;0;
2025.04.10-04.56.02;BuIIet_Sponge_;0002960df7b943e9912f3f23f9f3e1a4;ST1KY5K1TZ0;000200eca2204499a6e95fed4c231527;AK-SU;20;
2025.04.10-04.56.21;Pryex__;00023f03ebb941f2858f1dd22513f397;BuIIet_Sponge_;0002960df7b943e9912f3f23f9f3e1a4;BB-19;66;
2025.04.10-05.46.25;PcM Rusty;0002a62e707140c2a4d4025d46683978;iDemonX69;00027a7adf9344e89ec808a274e13131;MR5;23;
2025.04.10-07.31.29;cuhslice;00026a6207f5474985e018da4ea98b8f;cuhslice;00026a6207f5474985e018da4ea98b8f;suicide_by_relocation;0;
2025.04.10-07.51.32;Bmwjunior90;0002afcdaa2642a2810df45938819165;Bmwjunior90;0002afcdaa2642a2810df45938819165;falling;0;
2025.04.10-07.55.23;STEVEZ_010;0002c6fba5124c81a724a3b47d5cbde8;STEVEZ_010;0002c6fba5124c81a724a3b47d5cbde8;suicide_by_relocation;0;
2025.04.10-08.06.08;cuhslice;00026a6207f5474985e018da4ea98b8f;cuhslice;00026a6207f5474985e018da4ea98b8f;suicide_by_relocation;0;
2025.04.10-08.08.07;HallagerTheDane;00024d4be1e44ba0aa342b39b0fb9937;HallagerTheDane;00024d4be1e44ba0aa342b39b0fb9937;suicide_by_relocation;0;
2025.04.10-08.18.44;Robbokit;0002500bf2014cecbef2c66b735fb106;Ginkatron;0002f9479e574b6d8b8cfc4d93e18fa3;Mosin;24;
2025.04.10-08.31.25;cuhslice;00026a6207f5474985e018da4ea98b8f;Bmwjunior90;0002afcdaa2642a2810df45938819165;MR5;22;
2025.04.10-08.33.54;Robbokit;0002500bf2014cecbef2c66b735fb106;Ginkatron;0002f9479e574b6d8b8cfc4d93e18fa3;Mosin;128;
2025.04.10-08.35.32;Z0PAYNAN;0002ec21cf3a489dbf966645b25f0f0e;Night_BIoody;000218ea970949af99f20d66d12fd3b6;AK-SM;20;
2025.04.10-08.46.24;Robbokit;0002500bf2014cecbef2c66b735fb106;Ginkatron;0002f9479e574b6d8b8cfc4d93e18fa3;UAG;2;
2025.04.10-09.13.02;AndyJoki;0002c41872e1425aaf22feadd5ffdbe3;AndyJoki;0002c41872e1425aaf22feadd5ffdbe3;suicide_by_relocation;0;
2025.04.10-09.17.55;iDemonX69;00027a7adf9344e89ec808a274e13131;iDemonX69;00027a7adf9344e89ec808a274e13131;falling;0;
2025.04.10-09.31.39;HallagerTheDane;00024d4be1e44ba0aa342b39b0fb9937;TheCrow_Karasu;000282efad5a4e2cab8b5add279a57b8;AK-SM;39;
2025.04.10-09.31.45;ImNastyMY;0002a3fc658d4ecb9282fbb7e8f3cfd5;HallagerTheDane;00024d4be1e44ba0aa342b39b0fb9937;S85;54;
2025.04.10-09.34.41;Night_BIoody;000218ea970949af99f20d66d12fd3b6;cuhslice;00026a6207f5474985e018da4ea98b8f;AR4-M;28;
2025.04.10-09.37.41;TheCrow_Karasu;000282efad5a4e2cab8b5add279a57b8;HallagerTheDane;00024d4be1e44ba0aa342b39b0fb9937;AR4-M;31;
2025.04.10-09.45.19;JAYSOJHEEZX1;00027407ea8b4229bfc7d66b7d58e2fb;JAYSOJHEEZX1;00027407ea8b4229bfc7d66b7d58e2fb;suicide_by_relocation;0;
2025.04.10-09.50.59;Its JonesyGG;00021a23b55a4a23abff81d1a00fa4e7;Its JonesyGG;00021a23b55a4a23abff81d1a00fa4e7;suicide_by_relocation;0;
2025.04.10-09.57.54;HallagerTheDane;00024d4be1e44ba0aa342b39b0fb9937;HallagerTheDane;00024d4be1e44ba0aa342b39b0fb9937;suicide_by_relocation;0;
2025.04.10-10.03.09;ImNastyMY;0002a3fc658d4ecb9282fbb7e8f3cfd5;Gofiothekiller;0002fc739c5444849f03eb249dc7a9ad;AR4-M;11;
2025.04.10-10.04.08;SeeYa HT;000298e926a7462ca8fd30960591b3a5;Night_BIoody;000218ea970949af99f20d66d12fd3b6;AK-SM;5;
2025.04.10-10.04.12;TheCrow_Karasu;000282efad5a4e2cab8b5add279a57b8;SeeYa HT;000298e926a7462ca8fd30960591b3a5;AR4-M;6;
2025.04.10-10.08.29;cuhslice;00026a6207f5474985e018da4ea98b8f;cuhslice;00026a6207f5474985e018da4ea98b8f;suicide_by_relocation;0;
2025.04.10-10.08.31;TheCrow_Karasu;000282efad5a4e2cab8b5add279a57b8;dizmthepickle;0002630b8d204b4bae221a6491cb2c82;MG-36;4;
2025.04.10-10.12.40;TheCrow_Karasu;000282efad5a4e2cab8b5add279a57b8;SeeYa HT;000298e926a7462ca8fd30960591b3a5;MG-36;23;
2025.04.10-10.21.35;cuhslice;00026a6207f5474985e018da4ea98b8f;cuhslice;00026a6207f5474985e018da4ea98b8f;suicide_by_relocation;0;
2025.04.10-10.23.24;cuhslice;00026a6207f5474985e018da4ea98b8f;cuhslice;00026a6207f5474985e018da4ea98b8f;falling;0;
2025.04.10-10.26.36;Cosmobiker73;00027c993bb343b69b880fd8941677ad;Zeroskull;0002872481b64584811ecf89e2a826e3;RPK-mod;9;
2025.04.10-10.30.32;dizmthepickle;0002630b8d204b4bae221a6491cb2c82;JamieFarrell_;0002e08f54cd432eb81192ba4b204af5;Mosin;60;
2025.04.10-10.31.48;cuhslice;00026a6207f5474985e018da4ea98b8f;cuhslice;00026a6207f5474985e018da4ea98b8f;suicide_by_relocation;0;
2025.04.10-10.32.30;AndyJoki;0002c41872e1425aaf22feadd5ffdbe3;AndyJoki;0002c41872e1425aaf22feadd5ffdbe3;suicide_by_relocation;0;
2025.04.10-10.32.42;Its JonesyGG;00021a23b55a4a23abff81d1a00fa4e7;Its JonesyGG;00021a23b55a4a23abff81d1a00fa4e7;suicide_by_relocation;0;
2025.04.10-10.36.04;HallagerTheDane;00024d4be1e44ba0aa342b39b0fb9937;HallagerTheDane;00024d4be1e44ba0aa342b39b0fb9937;suicide_by_relocation;0;
2025.04.10-10.36.19;I Cxlamity I;000226d872c04a41a13c0a09d2af158f;Gofiothekiller;0002fc739c5444849f03eb249dc7a9ad;Mosin;48;
2025.04.10-10.36.45;Zeroskull;0002872481b64584811ecf89e2a826e3;I Cxlamity I;000226d872c04a41a13c0a09d2af158f;IZH-43;4;
2025.04.10-10.36.49;Robbokit;0002500bf2014cecbef2c66b735fb106;Et3rNiTy-_-VeNoM;00024e4e91a641eaadef309cd4c2b8ee;VSD;39;
2025.04.10-10.38.19;Night_BIoody;000218ea970949af99f20d66d12fd3b6;l1_D4RK_L0RD_l1l;0002e59780f54764953c8e4a01c2a271;Mosin;127;
2025.04.10-10.39.24;Robbokit;0002500bf2014cecbef2c66b735fb106;TheCrow_Karasu;000282efad5a4e2cab8b5add279a57b8;VSD;199;
2025.04.10-10.39.57;Robbokit;0002500bf2014cecbef2c66b735fb106;Night_BIoody;000218ea970949af99f20d66d12fd3b6;VSD;43;
2025.04.10-10.43.26;Bmwjunior90;0002afcdaa2642a2810df45938819165;Bmwjunior90;0002afcdaa2642a2810df45938819165;suicide_by_relocation;0;
2025.04.10-10.43.29;Et3rNiTy-_-VeNoM;00024e4e91a641eaadef309cd4c2b8ee;Night_BIoody;000218ea970949af99f20d66d12fd3b6;AK-SU;13;
2025.04.10-10.44.48;Et3rNiTy-_-VeNoM;00024e4e91a641eaadef309cd4c2b8ee;TheCrow_Karasu;000282efad5a4e2cab8b5add279a57b8;AK-SU;12;
2025.04.10-10.44.59;AGRRO;0002656da0c54a469d8923cacbed7a9b;AGRRO;0002656da0c54a469d8923cacbed7a9b;suicide_by_relocation;0;
2025.04.10-10.45.31;cuhslice;00026a6207f5474985e018da4ea98b8f;cuhslice;00026a6207f5474985e018da4ea98b8f;suicide_by_relocation;0;
2025.04.10-10.47.47;HATERSWATCH;00024afed387453195c040bb85708405;HATERSWATCH;00024afed387453195c040bb85708405;falling;0;
2025.04.10-10.47.59;STEVEZ_010;0002c6fba5124c81a724a3b47d5cbde8;STEVEZ_010;0002c6fba5124c81a724a3b47d5cbde8;suicide_by_relocation;0;
2025.04.10-10.51.34;cuhslice;00026a6207f5474985e018da4ea98b8f;cuhslice;00026a6207f5474985e018da4ea98b8f;suicide_by_relocation;0;
2025.04.10-10.54.26;Burgerboy548076;00029c1e8a71415c97bd971106f1c4d0;l1_D4RK_L0RD_l1l;0002e59780f54764953c8e4a01c2a271;AR4-M;14;
2025.04.10-11.06.28;G1NES1988;0002d1c3aa1647adbb8a8ede94a678aa;G1NES1988;0002d1c3aa1647adbb8a8ede94a678aa;suicide_by_relocation;0;
2025.04.10-11.06.58;I Cxlamity I;000226d872c04a41a13c0a09d2af158f;TheCrow_Karasu;000282efad5a4e2cab8b5add279a57b8;AR4-M;23;
2025.04.10-11.07.13;I Cxlamity I;000226d872c04a41a13c0a09d2af158f;Night_BIoody;000218ea970949af99f20d66d12fd3b6;AR4-M;19;
2025.04.10-11.08.56;Zeroskull;0002872481b64584811ecf89e2a826e3;XBUMBLE B3E03X;0002473f9fbb44ea8029f366d35d7572;MR5;5;
2025.04.10-11.09.13;I Cxlamity I;000226d872c04a41a13c0a09d2af158f;Zeroskull;0002872481b64584811ecf89e2a826e3;AR4-M;8;
2025.04.10-11.09.38;Staed_;0002209b8cf54b0182d98b29343dd23b;I Cxlamity I;000226d872c04a41a13c0a09d2af158f;F-10;15;
2025.04.10-11.09.59;AGRRO;0002656da0c54a469d8923cacbed7a9b;Staed_;0002209b8cf54b0182d98b29343dd23b;AK-mod;25;
2025.04.10-11.14.29;Robbokit;0002500bf2014cecbef2c66b735fb106;JamieFarrell_;0002e08f54cd432eb81192ba4b204af5;VSD;74;
2025.04.10-11.22.04;MSZP_Astral;0002de82938b4554ab5e2d3cf5c03ae2;J0RD247;00023295aef94dbf956caa2866aa432e;AK-mod;54;
2025.04.10-11.37.51;DP1947;0002ad2d0c5c49538aea0b791bc37799;JamieFarrell_;0002e08f54cd432eb81192ba4b204af5;AK-SU;4;
2025.04.10-11.38.22;cuhslice;00026a6207f5474985e018da4ea98b8f;cuhslice;00026a6207f5474985e018da4ea98b8f;suicide_by_relocation;0;
2025.04.10-11.40.54;Robbokit;0002500bf2014cecbef2c66b735fb106;AGRRO;0002656da0c54a469d8923cacbed7a9b;UAG;11;
2025.04.10-11.41.30;I Cxlamity I;000226d872c04a41a13c0a09d2af158f;Robbokit;0002500bf2014cecbef2c66b735fb106;Mosin;58;
2025.04.10-11.42.49;vAsxre;0002a6f73c2949c6b723071f9ba409dc;Alex_Gr__;0002d7493f06448ca5c34edafac65d61;TTk;2;
2025.04.10-11.45.09;Alex_Gr__;0002d7493f06448ca5c34edafac65d61;DMNT Myth II;0002d3a8964f435eb73d0c8539cdfd16;IZH-43;7;
2025.04.10-11.45.34;DP1947;0002ad2d0c5c49538aea0b791bc37799;JamieFarrell_;0002e08f54cd432eb81192ba4b204af5;AK-SU;11;
2025.04.10-11.47.13;DP1947;0002ad2d0c5c49538aea0b791bc37799;TheCrow_Karasu;000282efad5a4e2cab8b5add279a57b8;AK-SU;27;
2025.04.10-11.47.15;htesaquikl;00029381248143089479e19947ccd288;SirUgotbeamed;0002d37f1ff0482ca9835694c0761d2b;AR4-M;17;
2025.04.10-11.47.17;cuhslice;00026a6207f5474985e018da4ea98b8f;xXVallekas28Xx;0002bd360aeb4d7dacd10fd495b0e20a;MR5;14;
2025.04.10-11.47.20;Alex_Gr__;0002d7493f06448ca5c34edafac65d61;MSZP_Astral;0002de82938b4554ab5e2d3cf5c03ae2;Mosin-K;44;
2025.04.10-11.47.38;alexito_vk1997;0002e90df9fb40538eefb67161e3448d;cuhslice;00026a6207f5474985e018da4ea98b8f;RPK-mod;16;
2025.04.10-11.47.38;alexito_vk1997;0002e90df9fb40538eefb67161e3448d;StiffwoodNN1;0002980daf4f46edbb8c184a5989e08e;RPK-mod;21;
2025.04.10-11.48.05;iDemonX69;00027a7adf9344e89ec808a274e13131;Alex_Gr__;0002d7493f06448ca5c34edafac65d61;AR4-M;45;
2025.04.10-11.48.34;SomberThunder38;0002347ca881491b870090a10ee34d67;htesaquikl;00029381248143089479e19947ccd288;UAG;25;
2025.04.10-11.48.59;SomberThunder38;0002347ca881491b870090a10ee34d67;alexito_vk1997;0002e90df9fb40538eefb67161e3448d;UAG;39;
2025.04.10-11.50.18;Night_BIoody;000218ea970949af99f20d66d12fd3b6;DP1947;0002ad2d0c5c49538aea0b791bc37799;Fasam;21;
2025.04.10-11.52.57;SomberThunder38;0002347ca881491b870090a10ee34d67;htesaquikl;00029381248143089479e19947ccd288;AR4-M;14;
2025.04.10-11.55.58;Its JonesyGG;00021a23b55a4a23abff81d1a00fa4e7;Its JonesyGG;00021a23b55a4a23abff81d1a00fa4e7;suicide_by_relocation;0;
2025.04.10-11.58.06;Staed_;0002209b8cf54b0182d98b29343dd23b;TheCrow_Karasu;000282efad5a4e2cab8b5add279a57b8;AK-SU;4;
2025.04.10-11.58.13;ImNastyMY;0002a3fc658d4ecb9282fbb7e8f3cfd5;Staed_;0002209b8cf54b0182d98b29343dd23b;Mosin;24;
2025.04.10-11.58.17;Zeroskull;0002872481b64584811ecf89e2a826e3;vAsxre;0002a6f73c2949c6b723071f9ba409dc;PP-3000;3;
2025.04.10-12.01.03;ImNastyMY;0002a3fc658d4ecb9282fbb7e8f3cfd5;Zeroskull;0002872481b64584811ecf89e2a826e3;Mosin;43;
2025.04.10-12.01.23;SeeYa HT;000298e926a7462ca8fd30960591b3a5;SeeYa HT;000298e926a7462ca8fd30960591b3a5;suicide_by_relocation;0;
2025.04.10-12.02.14;UncFrazz;0002f32648c2403f9c8e0a33e1296c9a;The_ares-Wolf;0002611223c242978fc8a9d9e12ec79b;IZH-43;11;
2025.04.10-12.05.51;ImNastyMY;0002a3fc658d4ecb9282fbb7e8f3cfd5;Zeroskull;0002872481b64584811ecf89e2a826e3;Mosin;80;
2025.04.10-12.05.59;brandoncamino96;00025b460f444885a4856f069d7f9203;Naynasset;0002ee9f9b4c4d5180f8e9dc00931f71;UMR45;9;
2025.04.10-12.06.21;Night_BIoody;000218ea970949af99f20d66d12fd3b6;Staed_;0002209b8cf54b0182d98b29343dd23b;MS590;19;
2025.04.10-12.06.28;TheCrow_Karasu;000282efad5a4e2cab8b5add279a57b8;YT_Hypergamer72;00026e8f5c5b4184b1ccb027aef3ffc8;Skar;127;
2025.04.10-12.06.32;ImNastyMY;0002a3fc658d4ecb9282fbb7e8f3cfd5;SG_Zombie18;00025227b6724fd2ac371d6049aa6df0;Mosin;103;
2025.04.10-12.08.31;HATERSWATCH;00024afed387453195c040bb85708405;MAITREdesGUEUX;0002521f02714c89bcf319417c10d61a;Skar;37;
2025.04.10-12.09.39;brandoncamino96;00025b460f444885a4856f069d7f9203;Naynasset;0002ee9f9b4c4d5180f8e9dc00931f71;UMR45;2;
2025.04.10-12.10.52;HATERSWATCH;00024afed387453195c040bb85708405;UncFrazz;0002f32648c2403f9c8e0a33e1296c9a;Skar;13;
2025.04.10-12.13.35;SeeYa HT;000298e926a7462ca8fd30960591b3a5;alexito_vk1997;0002e90df9fb40538eefb67161e3448d;AK-SM;15;
2025.04.10-12.13.37;J0RD247;00023295aef94dbf956caa2866aa432e;HATERSWATCH;00024afed387453195c040bb85708405;AK-mod;20;
2025.04.10-12.14.09;XBUMBLE B3E03X;0002473f9fbb44ea8029f366d35d7572;MAITREdesGUEUX;0002521f02714c89bcf319417c10d61a;UAG;10;
2025.04.10-12.14.55;xXVallekas28Xx;0002bd360aeb4d7dacd10fd495b0e20a;SeeYa HT;000298e926a7462ca8fd30960591b3a5;Skar;9;
2025.04.10-12.17.36;Don Leon peti;00028e30584b447aa24bb11402a246d8;Don Leon peti;00028e30584b447aa24bb11402a246d8;suicide_by_relocation;0;
2025.04.10-12.19.02;J0RD247;00023295aef94dbf956caa2866aa432e;MrTitan200;0002039242ab453d8334cec3bd6dbc39;Mosin;48;
2025.04.10-12.23.11;iDemonX69;00027a7adf9344e89ec808a274e13131;ImNastyMY;0002a3fc658d4ecb9282fbb7e8f3cfd5;AR4-M;52;
2025.04.10-12.23.33;AdriBull95;0002c91d3b8241a1adf62667591e813f;AdriBull95;0002c91d3b8241a1adf62667591e813f;falling;0;
2025.04.10-12.23.52;Night_BIoody;000218ea970949af99f20d66d12fd3b6;iDemonX69;00027a7adf9344e89ec808a274e13131;MS590;31;
2025.04.10-12.23.55;MSZP_Astral;0002de82938b4554ab5e2d3cf5c03ae2;Night_BIoody;000218ea970949af99f20d66d12fd3b6;AK-mod;29;
2025.04.10-12.24.02;The_ares-Wolf;0002611223c242978fc8a9d9e12ec79b;MSZP_Astral;0002de82938b4554ab5e2d3cf5c03ae2;MR5;18;
2025.04.10-12.25.04;The_ares-Wolf;0002611223c242978fc8a9d9e12ec79b;MSZP_Astral;0002de82938b4554ab5e2d3cf5c03ae2;AK-mod;75;
2025.04.10-12.26.11;TheCrow_Karasu;000282efad5a4e2cab8b5add279a57b8;iDemonX69;00027a7adf9344e89ec808a274e13131;Skar;43;
2025.04.10-12.26.26;RED REAPER8973;00025690b0234d83bcd3c3e04f973b29;Night_BIoody;000218ea970949af99f20d66d12fd3b6;Mosin;286;
2025.04.10-12.28.08;RED REAPER8973;00025690b0234d83bcd3c3e04f973b29;The_ares-Wolf;0002611223c242978fc8a9d9e12ec79b;AR4-M;11;
2025.04.10-12.28.10;RED REAPER8973;00025690b0234d83bcd3c3e04f973b29;TheCrow_Karasu;000282efad5a4e2cab8b5add279a57b8;AR4-M;7;
2025.04.10-12.32.34;StiffwoodNN1;0002980daf4f46edbb8c184a5989e08e;KURSED MMR;00024be1d7314ef08cca6cb55eb763b0;MR5;5;
2025.04.10-12.32.35;XBUMBLE B3E03X;0002473f9fbb44ea8029f366d35d7572;StiffwoodNN1;0002980daf4f46edbb8c184a5989e08e;UAG;8;
2025.04.10-12.32.39;cuhslice;00026a6207f5474985e018da4ea98b8f;cuhslice;00026a6207f5474985e018da4ea98b8f;falling;0;
2025.04.10-12.32.55;I Cxlamity I;000226d872c04a41a13c0a09d2af158f;SirUgotbeamed;0002d37f1ff0482ca9835694c0761d2b;AR4-M;16;
2025.04.10-12.33.35;AcePanzo;0002f514339d434b98033e24ef82f500;AcePanzo;0002f514339d434b98033e24ef82f500;falling;0;
2025.04.10-12.34.09;Night_BIoody;000218ea970949af99f20d66d12fd3b6;MSZP_Astral;0002de82938b4554ab5e2d3cf5c03ae2;MR5;4;
2025.04.10-12.34.31;iDemonX69;00027a7adf9344e89ec808a274e13131;Night_BIoody;000218ea970949af99f20d66d12fd3b6;AK-SU;8;
2025.04.10-12.34.38;iDemonX69;00027a7adf9344e89ec808a274e13131;ImNastyMY;0002a3fc658d4ecb9282fbb7e8f3cfd5;AK-SU;2;
2025.04.10-12.34.55;AcePanzo;0002f514339d434b98033e24ef82f500;AcePanzo;0002f514339d434b98033e24ef82f500;R-5;0;
2025.04.10-12.35.11;sniper1dead;000229724cdc419fb79fa527bb2ab7f8;KURSED MMR;00024be1d7314ef08cca6cb55eb763b0;land_vehicle;1;
2025.04.10-12.35.20;Joshua KB;00024be412da46de96f15c2a367e5fbd;Joshua KB;00024be412da46de96f15c2a367e5fbd;falling;0;
2025.04.10-12.36.38;MSZP_Astral;0002de82938b4554ab5e2d3cf5c03ae2;Night_BIoody;000218ea970949af99f20d66d12fd3b6;AK-SU;27;
2025.04.10-12.37.32;cuhslice;00026a6207f5474985e018da4ea98b8f;I Cxlamity I;000226d872c04a41a13c0a09d2af158f;AK-SU;7;
2025.04.10-12.40.13;XBUMBLE B3E03X;0002473f9fbb44ea8029f366d35d7572;StiffwoodNN1;0002980daf4f46edbb8c184a5989e08e;NK417;55;
2025.04.10-12.40.27;;;SeeYa HT;000298e926a7462ca8fd30960591b3a5;;1;
2025.04.10-12.40.39;Its JonesyGG;00021a23b55a4a23abff81d1a00fa4e7;AutumnRain99;0002b0c8adb34f28b7a9d29f01d11895;MR5;12;
2025.04.10-12.46.32;SirUgotbeamed;0002d37f1ff0482ca9835694c0761d2b;I Cxlamity I;000226d872c04a41a13c0a09d2af158f;MR5;39;
2025.04.10-12.46.40;KURSED MMR;00024be1d7314ef08cca6cb55eb763b0;cuhslice;00026a6207f5474985e018da4ea98b8f;AK-SU;15;
2025.04.10-12.46.55;XBUMBLE B3E03X;0002473f9fbb44ea8029f366d35d7572;StiffwoodNN1;0002980daf4f46edbb8c184a5989e08e;NK417;39;
2025.04.10-12.47.12;XBUMBLE B3E03X;0002473f9fbb44ea8029f366d35d7572;SirUgotbeamed;0002d37f1ff0482ca9835694c0761d2b;UAG;8;
2025.04.10-12.48.54;RED REAPER8973;00025690b0234d83bcd3c3e04f973b29;brandoncamino96;00025b460f444885a4856f069d7f9203;AK-mod;42;
2025.04.10-12.49.11;StoneColddzz;00022c9e11d940ddbbc4dad3f674db88;StoneColddzz;00022c9e11d940ddbbc4dad3f674db88;suicide_by_relocation;0;
2025.04.10-12.50.27;RED REAPER8973;00025690b0234d83bcd3c3e04f973b29;brandoncamino96;00025b460f444885a4856f069d7f9203;AK-mod;43;
2025.04.10-12.51.27;Messias07;000213f2a2be4345a203452ebff676cb;Messias07;000213f2a2be4345a203452ebff676cb;suicide_by_relocation;0;
2025.04.10-12.53.38;Ne0clegg;0002672db6774611a528c0f2a52c6a2a;MSZP_Astral;0002de82938b4554ab5e2d3cf5c03ae2;Mosin;36;
2025.04.10-12.54.09;Naynasset;0002ee9f9b4c4d5180f8e9dc00931f71;Naynasset;0002ee9f9b4c4d5180f8e9dc00931f71;suicide_by_relocation;0;
2025.04.10-12.54.29;RED REAPER8973;00025690b0234d83bcd3c3e04f973b29;iDemonX69;00027a7adf9344e89ec808a274e13131;AK-mod;36;
2025.04.10-12.56.10;htesaquikl;00029381248143089479e19947ccd288;HATERSWATCH;00024afed387453195c040bb85708405;Skar;29;
2025.04.10-12.56.13;htesaquikl;00029381248143089479e19947ccd288;Robbokit;0002500bf2014cecbef2c66b735fb106;Skar;36;
2025.04.10-12.56.45;Joshua KB;00024be412da46de96f15c2a367e5fbd;Joshua KB;00024be412da46de96f15c2a367e5fbd;falling;0;
2025.04.10-12.57.04;Usain BoltJMK;0002b1a541ad488598adcd686a677652;Usain BoltJMK;0002b1a541ad488598adcd686a677652;suicide_by_relocation;0;
2025.04.10-12.57.16;TheCrow_Karasu;000282efad5a4e2cab8b5add279a57b8;xXVallekas28Xx;0002bd360aeb4d7dacd10fd495b0e20a;Mosin;150;
2025.04.10-12.58.10;TheCrow_Karasu;000282efad5a4e2cab8b5add279a57b8;htesaquikl;00029381248143089479e19947ccd288;BB-19;7;
2025.04.10-13.00.38;happysniper55;0002f58c346e426cbdaaec86b2e50687;Arzxk;00021702b42f42e99b4ac9743a7a2705;R-5;22;
2025.04.10-13.02.32;Joshua KB;00024be412da46de96f15c2a367e5fbd;Joshua KB;00024be412da46de96f15c2a367e5fbd;falling;0;
2025.04.10-13.02.42;xXVallekas28Xx;0002bd360aeb4d7dacd10fd495b0e20a;happysniper55;0002f58c346e426cbdaaec86b2e50687;land_vehicle;1;
2025.04.10-13.03.09;J0RD247;00023295aef94dbf956caa2866aa432e;SirUgotbeamed;0002d37f1ff0482ca9835694c0761d2b;AK-mod;11;
2025.04.10-13.03.33;KURSED MMR;00024be1d7314ef08cca6cb55eb763b0;KURSED MMR;00024be1d7314ef08cca6cb55eb763b0;suicide_by_relocation;0;
2025.04.10-13.06.23;KURSED MMR;00024be1d7314ef08cca6cb55eb763b0;KURSED MMR;00024be1d7314ef08cca6cb55eb763b0;falling;0;
2025.04.10-13.07.06;Messias07;000213f2a2be4345a203452ebff676cb;MadBourb0n;00027a631dff4004885b74256abd8d93;BB-19;7;
2025.04.10-13.07.07;We5ty1233190;00021529b21d43d69c4d33ce17a66be2;We5ty1233190;00021529b21d43d69c4d33ce17a66be2;suicide_by_relocation;0;
2025.04.10-13.07.25;cuhslice;00026a6207f5474985e018da4ea98b8f;cuhslice;00026a6207f5474985e018da4ea98b8f;suicide_by_relocation;0;
2025.04.10-13.10.25;ZzZproxgamerZzZ;00028b3d187d42bbb2d4c982b2022958;Jxke_S;0002e053889844fa82afa5e87ddf1796;AK-SM;1;
2025.04.10-13.12.48;Bmwjunior90;0002afcdaa2642a2810df45938819165;Bmwjunior90;0002afcdaa2642a2810df45938819165;falling;0;
2025.04.10-13.13.51;cuhslice;00026a6207f5474985e018da4ea98b8f;cuhslice;00026a6207f5474985e018da4ea98b8f;suicide_by_relocation;0;
2025.04.10-13.14.26;HATERSWATCH;00024afed387453195c040bb85708405;RED REAPER8973;00025690b0234d83bcd3c3e04f973b29;Mosin;64;
2025.04.10-13.15.18;HATERSWATCH;00024afed387453195c040bb85708405;Ne0clegg;0002672db6774611a528c0f2a52c6a2a;AR4-M;11;
2025.04.10-13.16.10;Robbokit;0002500bf2014cecbef2c66b735fb106;RED REAPER8973;00025690b0234d83bcd3c3e04f973b29;F-10;16;
2025.04.10-13.17.24;HATERSWATCH;00024afed387453195c040bb85708405;Ne0clegg;0002672db6774611a528c0f2a52c6a2a;Mosin;148;
2025.04.10-13.18.35;Its JonesyGG;00021a23b55a4a23abff81d1a00fa4e7;Q4H2T;0002e432694b4689abfb9650bf39126c;BB-19;25;
2025.04.10-13.22.25;ThatsTbengs;000297ce233d46eaba8b0d0230cdedc0;Q4H2T;0002e432694b4689abfb9650bf39126c;IZH-70;9;
2025.04.10-13.22.38;STEVEZ_010;0002c6fba5124c81a724a3b47d5cbde8;MadBourb0n;00027a631dff4004885b74256abd8d93;AK-SU;6;
2025.04.10-13.23.19;iDemonX69;00027a7adf9344e89ec808a274e13131;I Cxlamity I;000226d872c04a41a13c0a09d2af158f;MR5;17;
2025.04.10-13.23.24;Joshua KB;00024be412da46de96f15c2a367e5fbd;Joshua KB;00024be412da46de96f15c2a367e5fbd;suicide_by_relocation;0;
2025.04.10-13.23.27;MSZP_Astral;0002de82938b4554ab5e2d3cf5c03ae2;XBUMBLE B3E03X;0002473f9fbb44ea8029f366d35d7572;Grom;3;
2025.04.10-13.23.29;MSZP_Astral;0002de82938b4554ab5e2d3cf5c03ae2;AGRRO;0002656da0c54a469d8923cacbed7a9b;Grom;0;
2025.04.10-13.23.57;ZzZproxgamerZzZ;00028b3d187d42bbb2d4c982b2022958;SortedEros;0002139b011b4070aa1fa05bd7453642;MG-36;15;
2025.04.10-13.23.58;Cosmobiker73;00027c993bb343b69b880fd8941677ad;ZzZproxgamerZzZ;00028b3d187d42bbb2d4c982b2022958;RPK-mod;13;
2025.04.10-13.24.05;Jxke_S;0002e053889844fa82afa5e87ddf1796;MCP615;00026cd9b5d742f7b381f14ab6b76104;AR4-M;4;
2025.04.10-13.24.15;MSZP_Astral;0002de82938b4554ab5e2d3cf5c03ae2;AGRRO;0002656da0c54a469d8923cacbed7a9b;Grom;14;
2025.04.10-13.24.59;Jxke_S;0002e053889844fa82afa5e87ddf1796;Cosmobiker73;00027c993bb343b69b880fd8941677ad;AR4-M;15;
2025.04.10-13.25.47;J0RD247;00023295aef94dbf956caa2866aa432e;MSZP_Astral;0002de82938b4554ab5e2d3cf5c03ae2;Mosin;125;
2025.04.10-13.26.09;sniper1dead;000229724cdc419fb79fa527bb2ab7f8;iDemonX69;00027a7adf9344e89ec808a274e13131;RPK-mod;39;
2025.04.10-13.27.55;J0RD247;00023295aef94dbf956caa2866aa432e;sniper1dead;000229724cdc419fb79fa527bb2ab7f8;AK-mod;17;
2025.04.10-13.28.37;KURSED MMR;00024be1d7314ef08cca6cb55eb763b0;xXVallekas28Xx;0002bd360aeb4d7dacd10fd495b0e20a;AK-SU;8;
2025.04.10-13.29.18;XBUMBLE B3E03X;0002473f9fbb44ea8029f366d35d7572;iDemonX69;00027a7adf9344e89ec808a274e13131;RPK-mod;16;
2025.04.10-13.29.39;KURSED MMR;00024be1d7314ef08cca6cb55eb763b0;AGRRO;0002656da0c54a469d8923cacbed7a9b;AK-SU;2;
2025.04.10-13.29.57;SeeYa HT;000298e926a7462ca8fd30960591b3a5;SeeYa HT;000298e926a7462ca8fd30960591b3a5;suicide_by_relocation;0;
2025.04.10-13.31.59;J0RD247;00023295aef94dbf956caa2866aa432e;iDemonX69;00027a7adf9344e89ec808a274e13131;land_vehicle;1;
2025.04.10-13.32.36;I Cxlamity I;000226d872c04a41a13c0a09d2af158f;MSZP_Astral;0002de82938b4554ab5e2d3cf5c03ae2;Mosin;86;
2025.04.10-13.33.01;ImNastyMY;0002a3fc658d4ecb9282fbb7e8f3cfd5;MadBourb0n;00027a631dff4004885b74256abd8d93;Mosin;72;
2025.04.10-13.33.34;The_ares-Wolf;0002611223c242978fc8a9d9e12ec79b;MadBourb0n;00027a631dff4004885b74256abd8d93;AR4;16;
2025.04.10-13.34.39;LordyFarqaad;000293fabd734fcda64dfa4192c4c475;ZanTheBolanOne;00025e73d4cc4458b66e74889f4100d6;IZH-43;3;
2025.04.10-13.35.32;ImNastyMY;0002a3fc658d4ecb9282fbb7e8f3cfd5;Kaosean;00023881bea04be49110d8b6a619cb3b;Mosin;338;
2025.04.10-13.35.34;I SaVaG37 I;00026b03a04344b389efc7cb02c5853e;I SaVaG37 I;00026b03a04344b389efc7cb02c5853e;suicide_by_relocation;0;
2025.04.10-13.49.50;Bmwjunior90;0002afcdaa2642a2810df45938819165;SeeYa HT;000298e926a7462ca8fd30960591b3a5;UAG;5;
2025.04.10-13.49.52;I SaVaG37 I;00026b03a04344b389efc7cb02c5853e;Bmwjunior90;0002afcdaa2642a2810df45938819165;AK-SM;18;
2025.04.10-13.51.45;ChibrEaStral_TK;0002100ebf324eb1bc5e8550747923ca;ChibrEaStral_TK;0002100ebf324eb1bc5e8550747923ca;suicide_by_relocation;0;
2025.04.10-13.52.16;Messias07;000213f2a2be4345a203452ebff676cb;ImNastyMY;0002a3fc658d4ecb9282fbb7e8f3cfd5;BB-19;25;
2025.04.10-13.52.33;Joshua KB;00024be412da46de96f15c2a367e5fbd;Joshua KB;00024be412da46de96f15c2a367e5fbd;suicide_by_relocation;0;
2025.04.10-13.52.39;ThatsTbengs;000297ce233d46eaba8b0d0230cdedc0;LordyFarqaad;000293fabd734fcda64dfa4192c4c475;BB-19;14;
2025.04.10-13.54.03;Messias07;000213f2a2be4345a203452ebff676cb;ImNastyMY;0002a3fc658d4ecb9282fbb7e8f3cfd5;BB-19;19;
2025.04.10-13.54.34;TheCrow_Karasu;000282efad5a4e2cab8b5add279a57b8;Messias07;000213f2a2be4345a203452ebff676cb;Skar;12;
2025.04.10-13.56.58;KDN;0002cd52dee34703bb2dcdbc1f356fd1;JamieFarrell_;0002e08f54cd432eb81192ba4b204af5;UMR45;9;
2025.04.10-13.58.03;StiffwoodNN1;0002980daf4f46edbb8c184a5989e08e;KDN;0002cd52dee34703bb2dcdbc1f356fd1;BB-19;9;
2025.04.10-13.58.14;ThatsTbengs;000297ce233d46eaba8b0d0230cdedc0;LordyFarqaad;000293fabd734fcda64dfa4192c4c475;BB-19;8;
2025.04.10-13.58.45;XBUMBLE B3E03X;0002473f9fbb44ea8029f366d35d7572;StiffwoodNN1;0002980daf4f46edbb8c184a5989e08e;AK-mod;23;
2025.04.10-13.59.52;ZzZproxgamerZzZ;00028b3d187d42bbb2d4c982b2022958;AutumnRain99;0002b0c8adb34f28b7a9d29f01d11895;Skar;23;
2025.04.10-14.00.05;Kaosean;00023881bea04be49110d8b6a619cb3b;ZzZproxgamerZzZ;00028b3d187d42bbb2d4c982b2022958;Mosin;89;
2025.04.10-14.00.33;Jxke_S;0002e053889844fa82afa5e87ddf1796;Kaosean;00023881bea04be49110d8b6a619cb3b;Mosin;137;
2025.04.10-14.01.30;Q4H2T;0002e432694b4689abfb9650bf39126c;LordyFarqaad;000293fabd734fcda64dfa4192c4c475;Scorp;13;
2025.04.10-14.03.29;Jxke_S;0002e053889844fa82afa5e87ddf1796;Kaosean;00023881bea04be49110d8b6a619cb3b;land_vehicle;1;
2025.04.10-14.05.51;Q4H2T;0002e432694b4689abfb9650bf39126c;LordyFarqaad;000293fabd734fcda64dfa4192c4c475;IZH-43;6;
2025.04.10-14.05.51;LordyFarqaad;000293fabd734fcda64dfa4192c4c475;Q4H2T;0002e432694b4689abfb9650bf39126c;Sawed-Off Shotgun;6;
2025.04.10-14.06.21;Night_BIoody;000218ea970949af99f20d66d12fd3b6;Night_BIoody;000218ea970949af99f20d66d12fd3b6;falling;0;
2025.04.10-14.11.43;STEVEZ_010;0002c6fba5124c81a724a3b47d5cbde8;STEVEZ_010;0002c6fba5124c81a724a3b47d5cbde8;suicide_by_relocation;0;
2025.04.10-14.12.31;TheCrow_Karasu;000282efad5a4e2cab8b5add279a57b8;Messias07;000213f2a2be4345a203452ebff676cb;Skar;67;
2025.04.10-14.14.46;ZzZproxgamerZzZ;00028b3d187d42bbb2d4c982b2022958;Jxke_S;0002e053889844fa82afa5e87ddf1796;Fire Axe;0;
2025.04.10-14.15.16;TheCrow_Karasu;000282efad5a4e2cab8b5add279a57b8;Messias07;000213f2a2be4345a203452ebff676cb;Skar;39;
2025.04.10-14.16.42;AGRRO;0002656da0c54a469d8923cacbed7a9b;AGRRO;0002656da0c54a469d8923cacbed7a9b;suicide_by_relocation;0;
2025.04.10-14.18.16;Tence_mr;0002d3906b1443a19e64fc0c7c06c09a;Tence_mr;0002d3906b1443a19e64fc0c7c06c09a;falling;0;
2025.04.10-14.18.40;Zz-_ToNY35_-zZ;0002ad3bbe554f18a5ab1d2a887918b6;HATERSWATCH;00024afed387453195c040bb85708405;AK-SU;12;
2025.04.10-14.19.18;XBUMBLE B3E03X;0002473f9fbb44ea8029f366d35d7572;DougalV29155;0002530c20d149a39889eb639289fb01;NK417;33;
2025.04.10-14.28.27;J0RD247;00023295aef94dbf956caa2866aa432e;Tence_mr;0002d3906b1443a19e64fc0c7c06c09a;AK-mod;13;
2025.04.10-14.29.45;temp-3605856477;00020e64b7b3449ab29ee57e3d726390;temp-3605856477;00020e64b7b3449ab29ee57e3d726390;suicide_by_relocation;0;
2025.04.10-14.31.30;Robbokit;0002500bf2014cecbef2c66b735fb106;Zz-_ToNY35_-zZ;0002ad3bbe554f18a5ab1d2a887918b6;AK-mod;10;
2025.04.10-14.32.09;cuhslice;00026a6207f5474985e018da4ea98b8f;STEVEZ_010;0002c6fba5124c81a724a3b47d5cbde8;PP-3000;2;
2025.04.10-14.33.20;Robbokit;0002500bf2014cecbef2c66b735fb106;Zz-_ToNY35_-zZ;0002ad3bbe554f18a5ab1d2a887918b6;AK-mod;3;
2025.04.10-14.33.24;StiffwoodNN1;0002980daf4f46edbb8c184a5989e08e;STEVEZ_010;0002c6fba5124c81a724a3b47d5cbde8;AR4-M;11;
2025.04.10-14.33.32;PcM Rusty;0002a62e707140c2a4d4025d46683978;PcM Rusty;0002a62e707140c2a4d4025d46683978;R-5;0;
2025.04.10-14.35.36;LordyFarqaad;000293fabd734fcda64dfa4192c4c475;KAM_7896;000201c373304f75a64a61d4e6f40490;UMR45;7;
2025.04.10-14.36.31;AGRRO;0002656da0c54a469d8923cacbed7a9b;AGRRO;0002656da0c54a469d8923cacbed7a9b;suicide_by_relocation;0;
2025.04.10-14.37.02;Robbokit;0002500bf2014cecbef2c66b735fb106;Zz-_ToNY35_-zZ;0002ad3bbe554f18a5ab1d2a887918b6;AK-mod;1;
2025.04.10-14.40.52;PcM Rusty;0002a62e707140c2a4d4025d46683978;bonnieandwolfy;0002b3c786bb4929ad527015c76a201e;Mosin-K;62;
2025.04.10-14.42.06;Tence_mr;0002d3906b1443a19e64fc0c7c06c09a;Tence_mr;0002d3906b1443a19e64fc0c7c06c09a;falling;0;
2025.04.10-14.43.18;Robbokit;0002500bf2014cecbef2c66b735fb106;sicario36300;000290ed3c894672a94b4b8619421aa6;AK-mod;19;
2025.04.10-14.44.39;Robbokit;0002500bf2014cecbef2c66b735fb106;sicario36300;000290ed3c894672a94b4b8619421aa6;AK-mod;5;
2025.04.10-14.46.09;I SaVaG37 I;00026b03a04344b389efc7cb02c5853e;I SaVaG37 I;00026b03a04344b389efc7cb02c5853e;suicide_by_relocation;0;
2025.04.10-14.48.22;II JteRekt II;0002cca978ee41bb8fddf49d2a8f83af;LordyFarqaad;000293fabd734fcda64dfa4192c4c475;AK-SM;7;
2025.04.10-14.51.06;Tence_mr;0002d3906b1443a19e64fc0c7c06c09a;Tence_mr;0002d3906b1443a19e64fc0c7c06c09a;suicide_by_relocation;0;
2025.04.10-14.56.56;alberti_11;000214e84393436da1ce35a9e1c28eb6;temp-3605856477;00020e64b7b3449ab29ee57e3d726390;Scorp;33;
2025.04.10-15.01.14;Robbokit;0002500bf2014cecbef2c66b735fb106;Zz-_ToNY35_-zZ;0002ad3bbe554f18a5ab1d2a887918b6;AK-mod;2;
2025.04.10-15.01.35;Robbokit;0002500bf2014cecbef2c66b735fb106;Darknight-7503;00028a3ae3b340a3a2ce149634ddc264;AK-mod;4;
2025.04.10-15.01.35;TheCrow_Karasu;000282efad5a4e2cab8b5add279a57b8;StiffwoodNN1;0002980daf4f46edbb8c184a5989e08e;Skar;103;
2025.04.10-15.01.49;Night_BIoody;000218ea970949af99f20d66d12fd3b6;cuhslice;00026a6207f5474985e018da4ea98b8f;AK-SM;18;
2025.04.10-15.01.51;Robbokit;0002500bf2014cecbef2c66b735fb106;Zz-_ToNY35_-zZ;0002ad3bbe554f18a5ab1d2a887918b6;AK-mod;4;
2025.04.10-15.01.55;Night_BIoody;000218ea970949af99f20d66d12fd3b6;SirUgotbeamed;0002d37f1ff0482ca9835694c0761d2b;AK-SM;11;
2025.04.10-15.02.00;ImNastyMY;0002a3fc658d4ecb9282fbb7e8f3cfd5;BlowinSmoke710;00021e09c61a49bc8965b55765029fcb;P900;22;
2025.04.10-15.02.16;HATERSWATCH;00024afed387453195c040bb85708405;Darknight-7503;00028a3ae3b340a3a2ce149634ddc264;IZH-43;6;
2025.04.10-15.02.55;ImNastyMY;0002a3fc658d4ecb9282fbb7e8f3cfd5;Z0PAYNAN;0002ec21cf3a489dbf966645b25f0f0e;P900;2;
2025.04.10-15.03.45;J0RD247;00023295aef94dbf956caa2866aa432e;GraveReplayz;00026eff2d744001be642d3f776b7735;AK-mod;5;
2025.04.10-15.07.12;sniper1dead;000229724cdc419fb79fa527bb2ab7f8;sniper1dead;000229724cdc419fb79fa527bb2ab7f8;suicide_by_relocation;0;
2025.04.10-15.09.29;BlowinSmoke710;00021e09c61a49bc8965b55765029fcb;BlowinSmoke710;00021e09c61a49bc8965b55765029fcb;suicide_by_relocation;0;
2025.04.10-15.09.41;alberti_11;000214e84393436da1ce35a9e1c28eb6;alberti_11;000214e84393436da1ce35a9e1c28eb6;suicide_by_relocation;0;
2025.04.10-15.19.24;potnoodel8852;00027f8457854344a407e7f78e3437a1;Tence_mr;0002d3906b1443a19e64fc0c7c06c09a;BB-19;12;
2025.04.10-15.21.27;AirScorpion9611;000202ea949349dda24b8937bcf4d3a5;Thorfinn__10;000284f0ac33477db26d7cac7e346ef5;M133;5;
2025.04.10-15.22.54;Joshua KB;00024be412da46de96f15c2a367e5fbd;Joshua KB;00024be412da46de96f15c2a367e5fbd;falling;0;
2025.04.10-15.24.00;StiffwoodNN1;0002980daf4f46edbb8c184a5989e08e;StiffwoodNN1;0002980daf4f46edbb8c184a5989e08e;suicide_by_relocation;0;
2025.04.10-15.24.17;AGRRO;0002656da0c54a469d8923cacbed7a9b;Night_BIoody;000218ea970949af99f20d66d12fd3b6;AR4-M;66;
2025.04.10-15.24.23;kapoejim5314;0002d3205b84440ab70cc666a8980019;vAsxre;0002a6f73c2949c6b723071f9ba409dc;Mosin;20;
2025.04.10-15.25.24;XBUMBLE B3E03X;0002473f9fbb44ea8029f366d35d7572;ChibrEaStral_TK;0002100ebf324eb1bc5e8550747923ca;VSD;121;
2025.04.10-15.25.36;kapoejim5314;0002d3205b84440ab70cc666a8980019;xFawii;0002c326f29d43cea190ed8a8b9666fe;Mosin;47;
2025.04.10-15.25.39;The_ares-Wolf;0002611223c242978fc8a9d9e12ec79b;AGRRO;0002656da0c54a469d8923cacbed7a9b;AR4-M;24;
2025.04.10-15.25.53;KDN;0002cd52dee34703bb2dcdbc1f356fd1;The_ares-Wolf;0002611223c242978fc8a9d9e12ec79b;RPK-mod;11;
2025.04.10-15.25.55;TheCrow_Karasu;000282efad5a4e2cab8b5add279a57b8;KDN;0002cd52dee34703bb2dcdbc1f356fd1;NK417;45;
2025.04.10-15.26.41;TheCrow_Karasu;000282efad5a4e2cab8b5add279a57b8;I Cxlamity I;000226d872c04a41a13c0a09d2af158f;Skar;17;
2025.04.10-15.26.44;J0RD247;00023295aef94dbf956caa2866aa432e;TheCrow_Karasu;000282efad5a4e2cab8b5add279a57b8;AK-mod;14;
2025.04.10-15.26.53;Usain BoltJMK;0002b1a541ad488598adcd686a677652;Usain BoltJMK;0002b1a541ad488598adcd686a677652;suicide_by_relocation;0;
2025.04.10-15.26.57;AnneFlank_42;0002589b577a49e797694582943f55e1;xFawii;0002c326f29d43cea190ed8a8b9666fe;TTk;6;
2025.04.10-15.28.23;cuhslice;00026a6207f5474985e018da4ea98b8f;cuhslice;00026a6207f5474985e018da4ea98b8f;suicide_by_relocation;0;
2025.04.10-15.28.40;BlowinSmoke710;00021e09c61a49bc8965b55765029fcb;StiffwoodNN1;0002980daf4f46edbb8c184a5989e08e;Berta M9;1;
2025.04.10-15.30.24;TheCrow_Karasu;000282efad5a4e2cab8b5add279a57b8;vAsxre;0002a6f73c2949c6b723071f9ba409dc;BB-19;6;
2025.04.10-15.30.37;J0RD247;00023295aef94dbf956caa2866aa432e;ChibrEaStral_TK;0002100ebf324eb1bc5e8550747923ca;AK-mod;2;
2025.04.10-15.31.02;kapoejim5314;0002d3205b84440ab70cc666a8980019;xFawii;0002c326f29d43cea190ed8a8b9666fe;Skar;11;
2025.04.10-15.31.07;Showbinkie;00024cc1276d4195b7e0c29cec0e2544;livenapolii;0002f29007324e29b319b3cdc4fedbeb;MR5;15;
2025.04.10-15.31.19;The_ares-Wolf;0002611223c242978fc8a9d9e12ec79b;The_ares-Wolf;0002611223c242978fc8a9d9e12ec79b;suicide_by_relocation;0;
2025.04.10-15.31.35;Robbokit;0002500bf2014cecbef2c66b735fb106;sicario36300;000290ed3c894672a94b4b8619421aa6;AK-mod;0;
2025.04.10-15.32.13;TheCrow_Karasu;000282efad5a4e2cab8b5add279a57b8;vAsxre;0002a6f73c2949c6b723071f9ba409dc;BB-19;6;
2025.04.10-15.33.34;potnoodel8852;00027f8457854344a407e7f78e3437a1;sicario36300;000290ed3c894672a94b4b8619421aa6;BB-19;6;
2025.04.10-15.34.40;potnoodel8852;00027f8457854344a407e7f78e3437a1;Thorfinn__10;000284f0ac33477db26d7cac7e346ef5;BB-19;8;
2025.04.10-15.40.12;BlowinSmoke710;00021e09c61a49bc8965b55765029fcb;BlowinSmoke710;00021e09c61a49bc8965b55765029fcb;suicide_by_relocation;0;
2025.04.10-15.41.40;livenapolii;0002f29007324e29b319b3cdc4fedbeb;Elite-Pikachu70;000285a067094e78abad2e46bb435d3c;TTk;19;
2025.04.10-15.45.26;HATERSWATCH;00024afed387453195c040bb85708405;sicario36300;000290ed3c894672a94b4b8619421aa6;IZH-43;1;
2025.04.10-15.46.12;XBUMBLE B3E03X;0002473f9fbb44ea8029f366d35d7572;ChibrEaStral_TK;0002100ebf324eb1bc5e8550747923ca;AR4;12;
2025.04.10-15.46.16;cuhslice;00026a6207f5474985e018da4ea98b8f;cuhslice;00026a6207f5474985e018da4ea98b8f;suicide_by_relocation;0;
2025.04.10-15.52.00;potnoodel8852;00027f8457854344a407e7f78e3437a1;ThatsTbengs;000297ce233d46eaba8b0d0230cdedc0;BB-19;11;
2025.04.10-15.52.09;Azzymcbo_;0002b615c8274c4487c8e7f17964e213;GraveReplayz;00026eff2d744001be642d3f776b7735;UAG;92;
2025.04.10-15.52.31;Azzymcbo_;0002b615c8274c4487c8e7f17964e213;GraveReplayz;00026eff2d744001be642d3f776b7735;UAG;4;
2025.04.10-15.54.23;livenapolii;0002f29007324e29b319b3cdc4fedbeb;livenapolii;0002f29007324e29b319b3cdc4fedbeb;F-10;0;
2025.04.10-15.55.54;Azzymcbo_;0002b615c8274c4487c8e7f17964e213;potnoodel8852;00027f8457854344a407e7f78e3437a1;UAG;34;
2025.04.10-15.56.39;Azzymcbo_;0002b615c8274c4487c8e7f17964e213;potnoodel8852;00027f8457854344a407e7f78e3437a1;UAG;35;
2025.04.10-15.58.47;XBUMBLE B3E03X;0002473f9fbb44ea8029f366d35d7572;XBUMBLE B3E03X;0002473f9fbb44ea8029f366d35d7572;suicide_by_relocation;0;
2025.04.10-16.05.36;sicario36300;000290ed3c894672a94b4b8619421aa6;GARRICA;00029ac748f24f749c55193fac5638fd;IZH-43;6;
2025.04.10-16.10.05;Joshua KB;00024be412da46de96f15c2a367e5fbd;Joshua KB;00024be412da46de96f15c2a367e5fbd;falling;0;
2025.04.10-16.23.04;Amxrz sK;00026b149d5a4c61bea6b2623f083283;Amxrz sK;00026b149d5a4c61bea6b2623f083283;suicide_by_relocation;0;
2025.04.10-16.24.08;XBUMBLE B3E03X;0002473f9fbb44ea8029f366d35d7572;TheCrow_Karasu;000282efad5a4e2cab8b5add279a57b8;Mosin;51;
2025.04.10-16.24.54;AGRRO;0002656da0c54a469d8923cacbed7a9b;The_ares-Wolf;0002611223c242978fc8a9d9e12ec79b;AR4-M;16;
2025.04.10-16.25.29;AGRRO;0002656da0c54a469d8923cacbed7a9b;ChibrEaStral_TK;0002100ebf324eb1bc5e8550747923ca;AR4-M;22;
2025.04.10-16.26.21;KDN;0002cd52dee34703bb2dcdbc1f356fd1;xFawii;0002c326f29d43cea190ed8a8b9666fe;RPK-mod;13;
2025.04.10-16.26.25;KDN;0002cd52dee34703bb2dcdbc1f356fd1;livenapolii;0002f29007324e29b319b3cdc4fedbeb;RPK-mod;11;
2025.04.10-16.29.00;Elite-Pikachu70;000285a067094e78abad2e46bb435d3c;Elite-Pikachu70;000285a067094e78abad2e46bb435d3c;suicide_by_relocation;0;
2025.04.10-16.30.05;vAsxre;0002a6f73c2949c6b723071f9ba409dc;vAsxre;0002a6f73c2949c6b723071f9ba409dc;suicide_by_relocation;0;
2025.04.10-16.31.05;XBUMBLE B3E03X;0002473f9fbb44ea8029f366d35d7572;ImNastyMY;0002a3fc658d4ecb9282fbb7e8f3cfd5;AR4;29;
2025.04.10-16.37.01;MadBourb0n;00027a631dff4004885b74256abd8d93;livenapolii;0002f29007324e29b319b3cdc4fedbeb;Mosin-K;41;
2025.04.10-16.37.04;AutumnRain99;0002b0c8adb34f28b7a9d29f01d11895;xFawii;0002c326f29d43cea190ed8a8b9666fe;AK-SU;23;
2025.04.10-16.39.42;Taylor_Gang_994;0002bd4b3f0642f8bfa021b914043786;MadBourb0n;00027a631dff4004885b74256abd8d93;AK-SU;42;
2025.04.10-16.39.58;Taylor_Gang_994;0002bd4b3f0642f8bfa021b914043786;AutumnRain99;0002b0c8adb34f28b7a9d29f01d11895;AK-SU;33;
2025.04.10-16.41.26;Robbokit;0002500bf2014cecbef2c66b735fb106;HATERSWATCH;00024afed387453195c040bb85708405;land_vehicle;1;
2025.04.10-16.43.05;XBUMBLE B3E03X;0002473f9fbb44ea8029f366d35d7572;XBUMBLE B3E03X;0002473f9fbb44ea8029f366d35d7572;suicide_by_relocation;0;
2025.04.10-16.45.29;ExHyper;000240ecc1ba45d59962bc2d34e0177e;ExHyper;000240ecc1ba45d59962bc2d34e0177e;falling;0;
2025.04.10-16.46.37;Robbokit;0002500bf2014cecbef2c66b735fb106;HATERSWATCH;00024afed387453195c040bb85708405;Skar;1;
2025.04.10-16.49.50;ExHyper;000240ecc1ba45d59962bc2d34e0177e;ExHyper;000240ecc1ba45d59962bc2d34e0177e;falling;0;
2025.04.10-16.57.36;rafadgb;000222059f5c45f585219fcaaed3c820;rafadgb;000222059f5c45f585219fcaaed3c820;suicide_by_relocation;0;
2025.04.10-16.57.54;TAS Rhumbo;000245ccea274b43a4bd4fad6b0a11d8;TAS Rhumbo;000245ccea274b43a4bd4fad6b0a11d8;suicide_by_relocation;0;
2025.04.10-17.06.58;FleX TizZYy;00022ea15dfd42858d767fc3f9bae091;htesaquikl;00029381248143089479e19947ccd288;MR5;11;
2025.04.10-17.07.05;FleX TizZYy;00022ea15dfd42858d767fc3f9bae091;sniper1dead;000229724cdc419fb79fa527bb2ab7f8;MR5;13;
2025.04.10-17.07.27;alberti_11;000214e84393436da1ce35a9e1c28eb6;alberti_11;000214e84393436da1ce35a9e1c28eb6;suicide_by_relocation;0;
2025.04.10-17.09.07;II JteRekt II;0002cca978ee41bb8fddf49d2a8f83af;sniper1dead;000229724cdc419fb79fa527bb2ab7f8;AK-SM;25;
2025.04.10-17.13.45;JoIina;00021dc098b547caafbbebbbc69549d0;ExHyper;000240ecc1ba45d59962bc2d34e0177e;AK-SM;3;
2025.04.10-17.15.11;Robbokit;0002500bf2014cecbef2c66b735fb106;Usain BoltJMK;0002b1a541ad488598adcd686a677652;Skar;10;
2025.04.10-17.15.17;TAS Rhumbo;000245ccea274b43a4bd4fad6b0a11d8;HATERSWATCH;00024afed387453195c040bb85708405;AR4;40;
2025.04.10-17.15.31;FleX TizZYy;00022ea15dfd42858d767fc3f9bae091;Robbokit;0002500bf2014cecbef2c66b735fb106;Mosin;180;
2025.04.10-17.16.58;Its JonesyGG;00021a23b55a4a23abff81d1a00fa4e7;Its JonesyGG;00021a23b55a4a23abff81d1a00fa4e7;suicide_by_relocation;0;
2025.04.10-17.18.22;FPS uk x;000230a49ff54951b8ebaf6494ccd1e2;sniper1dead;000229724cdc419fb79fa527bb2ab7f8;AK-SM;10;
2025.04.10-17.18.24;FPS uk x;000230a49ff54951b8ebaf6494ccd1e2;htesaquikl;00029381248143089479e19947ccd288;AK-SM;15;
2025.04.10-17.19.28;Joshua KB;00024be412da46de96f15c2a367e5fbd;Joshua KB;00024be412da46de96f15c2a367e5fbd;falling;0;
2025.04.10-17.19.54;StiffwoodNN1;0002980daf4f46edbb8c184a5989e08e;ExHyper;000240ecc1ba45d59962bc2d34e0177e;MR5;31;
2025.04.10-17.21.25;BlackToonY;0002dbda0b6a463ca6820358717a57d1;Filou2905;00023f55ba1a4daea4f076d396a19e27;M133;2;
2025.04.10-17.22.22;FPS uk x;000230a49ff54951b8ebaf6494ccd1e2;sniper1dead;000229724cdc419fb79fa527bb2ab7f8;Mosin;30;
2025.04.10-17.24.02;I SaVaG37 I;00026b03a04344b389efc7cb02c5853e;I SaVaG37 I;00026b03a04344b389efc7cb02c5853e;suicide_by_relocation;0;
2025.04.10-17.24.03;FPS uk x;000230a49ff54951b8ebaf6494ccd1e2;htesaquikl;00029381248143089479e19947ccd288;Mosin;53;
2025.04.10-17.28.23;FPS uk x;000230a49ff54951b8ebaf6494ccd1e2;sniper1dead;000229724cdc419fb79fa527bb2ab7f8;Mosin;51;
2025.04.10-17.28.41;FPS uk x;000230a49ff54951b8ebaf6494ccd1e2;htesaquikl;00029381248143089479e19947ccd288;AK-SM;11;
2025.04.10-17.28.46;Goodwn;0002b2d33e754bfc81232ad564ff7a21;Goodwn;0002b2d33e754bfc81232ad564ff7a21;suicide_by_relocation;0;
2025.04.10-17.30.57;FPS uk x;000230a49ff54951b8ebaf6494ccd1e2;TT2209;0002f6bf065f40d09cb838d83395461e;AK-SM;39;
2025.04.10-17.31.10;FPS uk x;000230a49ff54951b8ebaf6494ccd1e2;sniper1dead;000229724cdc419fb79fa527bb2ab7f8;AK-SM;35;
2025.04.10-17.32.05;I SaVaG37 I;00026b03a04344b389efc7cb02c5853e;SeeYa HT;000298e926a7462ca8fd30960591b3a5;NK417;2;
2025.04.10-17.32.32;I Cxlamity I;000226d872c04a41a13c0a09d2af158f;ThoughtMite6987;0002adb4c59046c384af7f53fac0ea80;AR4-M;40;
2025.04.10-17.34.08;cuhslice;00026a6207f5474985e018da4ea98b8f;cuhslice;00026a6207f5474985e018da4ea98b8f;suicide_by_relocation;0;
2025.04.10-17.34.54;RED REAPER8973;00025690b0234d83bcd3c3e04f973b29;TAS Rhumbo;000245ccea274b43a4bd4fad6b0a11d8;Mosin;168;
2025.04.10-17.36.18;FPS uk x;000230a49ff54951b8ebaf6494ccd1e2;sniper1dead;000229724cdc419fb79fa527bb2ab7f8;AK-SM;6;
2025.04.10-17.36.45;FPS uk x;000230a49ff54951b8ebaf6494ccd1e2;TT2209;0002f6bf065f40d09cb838d83395461e;AK-SM;52;
2025.04.10-17.37.39;FleX TizZYy;00022ea15dfd42858d767fc3f9bae091;RED REAPER8973;00025690b0234d83bcd3c3e04f973b29;Mosin;96;
2025.04.10-17.38.00;I SaVaG37 I;00026b03a04344b389efc7cb02c5853e;I SaVaG37 I;00026b03a04344b389efc7cb02c5853e;suicide_by_relocation;0;
2025.04.10-17.40.51;marcel69punisher;000228363af74c34a718015e4f4e89c4;marcel69punisher;000228363af74c34a718015e4f4e89c4;suicide_by_relocation;0;
2025.04.10-17.41.08;STEVEZ_010;0002c6fba5124c81a724a3b47d5cbde8;STEVEZ_010;0002c6fba5124c81a724a3b47d5cbde8;suicide_by_relocation;0;
2025.04.10-17.41.13;Bmwjunior90;0002afcdaa2642a2810df45938819165;Bmwjunior90;0002afcdaa2642a2810df45938819165;suicide_by_relocation;0;
2025.04.10-17.42.25;sniper1dead;000229724cdc419fb79fa527bb2ab7f8;FPS uk x;000230a49ff54951b8ebaf6494ccd1e2;RPK-mod;5;
2025.04.10-17.43.20;Usain BoltJMK;0002b1a541ad488598adcd686a677652;ThoughtMite6987;0002adb4c59046c384af7f53fac0ea80;Skar;7;
2025.04.10-17.43.39;tapumikel;000289cb41764d83b1e07352d6349e8d;tapumikel;000289cb41764d83b1e07352d6349e8d;falling;0;
2025.04.10-17.44.58;FPS uk x;000230a49ff54951b8ebaf6494ccd1e2;TT2209;0002f6bf065f40d09cb838d83395461e;MS590;3;
2025.04.10-17.45.10;htesaquikl;00029381248143089479e19947ccd288;FPS uk x;000230a49ff54951b8ebaf6494ccd1e2;MR5;3;
2025.04.10-17.45.16;FleX TizZYy;00022ea15dfd42858d767fc3f9bae091;HATERSWATCH;00024afed387453195c040bb85708405;MR5;2;
2025.04.10-17.45.21;Robbokit;0002500bf2014cecbef2c66b735fb106;FleX TizZYy;00022ea15dfd42858d767fc3f9bae091;Skar;4;
2025.04.10-17.45.45;Redmd3348;0002bf38ad254402bedb92e94cade906;RED REAPER8973;00025690b0234d83bcd3c3e04f973b29;MS590;1;
2025.04.10-17.45.46;Usain BoltJMK;0002b1a541ad488598adcd686a677652;Robbokit;0002500bf2014cecbef2c66b735fb106;Skar;8;
2025.04.10-17.47.31;Usain BoltJMK;0002b1a541ad488598adcd686a677652;HATERSWATCH;00024afed387453195c040bb85708405;Skar;21;
2025.04.10-17.47.38;Its JonesyGG;00021a23b55a4a23abff81d1a00fa4e7;Its JonesyGG;00021a23b55a4a23abff81d1a00fa4e7;suicide_by_relocation;0;
2025.04.10-17.47.51;Usain BoltJMK;0002b1a541ad488598adcd686a677652;RED REAPER8973;00025690b0234d83bcd3c3e04f973b29;M99;33;
2025.04.10-17.48.28;SeeYa HT;000298e926a7462ca8fd30960591b3a5;JoIina;00021dc098b547caafbbebbbc69549d0;P900;7;
2025.04.10-17.48.32;FPS uk x;000230a49ff54951b8ebaf6494ccd1e2;htesaquikl;00029381248143089479e19947ccd288;MS590;4;
2025.04.10-17.48.36;RED REAPER8973;00025690b0234d83bcd3c3e04f973b29;Redmd3348;0002bf38ad254402bedb92e94cade906;MS590;2;
2025.04.10-17.48.49;Robbokit;0002500bf2014cecbef2c66b735fb106;Robbokit;0002500bf2014cecbef2c66b735fb106;falling;0;
2025.04.10-17.49.13;XBUMBLE B3E03X;0002473f9fbb44ea8029f366d35d7572;Oliver-ATM;0002053245994e3b96855b74a7ab8a93;Fasam;36;
2025.04.10-17.50.17;II JteRekt II;0002cca978ee41bb8fddf49d2a8f83af;FleX TizZYy;00022ea15dfd42858d767fc3f9bae091;AK-SM;7;
2025.04.10-17.50.30;XBUMBLE B3E03X;0002473f9fbb44ea8029f366d35d7572;cuhslice;00026a6207f5474985e018da4ea98b8f;Fasam;19;
2025.04.10-17.50.51;KDN;0002cd52dee34703bb2dcdbc1f356fd1;I SaVaG37 I;00026b03a04344b389efc7cb02c5853e;Skar;5;
2025.04.10-17.51.16;Robbokit;0002500bf2014cecbef2c66b735fb106;Robbokit;0002500bf2014cecbef2c66b735fb106;falling;0;
2025.04.10-17.51.19;tapumikel;000289cb41764d83b1e07352d6349e8d;B3RTan83;00028c40031f450b8546676416ec98f8;AK-SU;16;
2025.04.10-17.51.30;XBUMBLE B3E03X;0002473f9fbb44ea8029f366d35d7572;alberti_11;000214e84393436da1ce35a9e1c28eb6;Mosin;114;
2025.04.10-17.51.52;Usain BoltJMK;0002b1a541ad488598adcd686a677652;Usain BoltJMK;0002b1a541ad488598adcd686a677652;suicide_by_relocation;0;
2025.04.10-17.52.02;FPS uk x;000230a49ff54951b8ebaf6494ccd1e2;TT2209;0002f6bf065f40d09cb838d83395461e;MS590;3;
2025.04.10-17.52.06;potnoodel8852;00027f8457854344a407e7f78e3437a1;Pringle1203;00028d3ef3324cbf96c5b64e49d1b556;VSD;51;
2025.04.10-17.52.14;FPS uk x;000230a49ff54951b8ebaf6494ccd1e2;sniper1dead;000229724cdc419fb79fa527bb2ab7f8;MS590;3;
2025.04.10-17.55.15;TAS Rhumbo;000245ccea274b43a4bd4fad6b0a11d8;RED REAPER8973;00025690b0234d83bcd3c3e04f973b29;M99;234;
2025.04.10-17.55.37;Robbokit;0002500bf2014cecbef2c66b735fb106;Its JonesyGG;00021a23b55a4a23abff81d1a00fa4e7;Mosin;80;
2025.04.10-17.57.16;potnoodel8852;00027f8457854344a407e7f78e3437a1;JunkieJohn-_;0002e13da4794952a7559d1e1843d716;Grom;5;
2025.04.10-17.57.31;ThoughtMite6987;0002adb4c59046c384af7f53fac0ea80;Kaosean;00023881bea04be49110d8b6a619cb3b;Mosin-K;14;
2025.04.10-17.57.32;MadBourb0n;00027a631dff4004885b74256abd8d93;ThoughtMite6987;0002adb4c59046c384af7f53fac0ea80;Mosin-K;14;
2025.04.10-17.57.44;MadBourb0n;00027a631dff4004885b74256abd8d93;G0 on b0ii;0002744f6f3f4360bda41f7374496378;MR5;17;
2025.04.10-17.57.46;Goodwn;0002b2d33e754bfc81232ad564ff7a21;MadBourb0n;00027a631dff4004885b74256abd8d93;MR5;29;
2025.04.10-17.57.48;Pringle1203;00028d3ef3324cbf96c5b64e49d1b556;Pringle1203;00028d3ef3324cbf96c5b64e49d1b556;suicide_by_relocation;0;
2025.04.10-17.58.18;J0RD247;00023295aef94dbf956caa2866aa432e;B3RTan83;00028c40031f450b8546676416ec98f8;AK-mod;30;
2025.04.10-17.58.19;JoIina;00021dc098b547caafbbebbbc69549d0;JoIina;00021dc098b547caafbbebbbc69549d0;suicide_by_relocation;0;
2025.04.10-17.58.40;Darknitemare433;0002ecef4b654f83a8f7f87369278393;Darknitemare433;0002ecef4b654f83a8f7f87369278393;suicide_by_relocation;0;
2025.04.10-18.00.45;htesaquikl;00029381248143089479e19947ccd288;XBUMBLE B3E03X;0002473f9fbb44ea8029f366d35d7572;IZH-70;16;
2025.04.10-18.01.28;FPS uk x;000230a49ff54951b8ebaf6494ccd1e2;JoIina;00021dc098b547caafbbebbbc69549d0;AK-SM;9;
2025.04.10-18.01.37;MadBourb0n;00027a631dff4004885b74256abd8d93;ThoughtMite6987;0002adb4c59046c384af7f53fac0ea80;Mosin-K;16;
2025.04.10-18.02.27;G0 on b0ii;0002744f6f3f4360bda41f7374496378;MadBourb0n;00027a631dff4004885b74256abd8d93;AK-SU;24;
2025.04.10-18.04.22;KDN;0002cd52dee34703bb2dcdbc1f356fd1;alberti_11;000214e84393436da1ce35a9e1c28eb6;Skar;4;
2025.04.10-18.05.03;Jxke_S;0002e053889844fa82afa5e87ddf1796;AutumnRain99;0002b0c8adb34f28b7a9d29f01d11895;Mosin;62;
2025.04.10-18.06.04;Bmwjunior90;0002afcdaa2642a2810df45938819165;SeeYa HT;000298e926a7462ca8fd30960591b3a5;AK-SU;3;
2025.04.10-18.06.07;Bmwjunior90;0002afcdaa2642a2810df45938819165;tapumikel;000289cb41764d83b1e07352d6349e8d;AK-SU;5;
2025.04.10-18.06.12;TAS Rhumbo;000245ccea274b43a4bd4fad6b0a11d8;TAS Rhumbo;000245ccea274b43a4bd4fad6b0a11d8;suicide_by_relocation;0;
2025.04.10-18.06.13;Bmwjunior90;0002afcdaa2642a2810df45938819165;I SaVaG37 I;00026b03a04344b389efc7cb02c5853e;AK-SU;6;
2025.04.10-18.06.19;Oliver-ATM;0002053245994e3b96855b74a7ab8a93;Foundation5592;000274b2d6484df9866945f4ffe16173;Sawed-Off Shotgun;3;
2025.04.10-18.07.28;FPS uk x;000230a49ff54951b8ebaf6494ccd1e2;JoIina;00021dc098b547caafbbebbbc69549d0;AK-SM;38;
2025.04.10-18.07.56;Joshua KB;00024be412da46de96f15c2a367e5fbd;Joshua KB;00024be412da46de96f15c2a367e5fbd;falling;0;
2025.04.10-18.08.16;Messias07;000213f2a2be4345a203452ebff676cb;Messias07;000213f2a2be4345a203452ebff676cb;suicide_by_relocation;0;
2025.04.10-18.09.11;TT2209;0002f6bf065f40d09cb838d83395461e;XBUMBLE B3E03X;0002473f9fbb44ea8029f366d35d7572;Mosin;17;
2025.04.10-18.09.16;ZzZproxgamerZzZ;00028b3d187d42bbb2d4c982b2022958;Kaosean;00023881bea04be49110d8b6a619cb3b;Mosin;206;
2025.04.10-18.11.00;Jxke_S;0002e053889844fa82afa5e87ddf1796;Kaosean;00023881bea04be49110d8b6a619cb3b;Mosin;374;
2025.04.10-18.11.25;Redmd3348;0002bf38ad254402bedb92e94cade906;XxEL1TExN4M3xX;000279c2696c46c3a5b83353631c95fd;AK-SU;44;
2025.04.10-18.12.17;I SaVaG37 I;00026b03a04344b389efc7cb02c5853e;I SaVaG37 I;00026b03a04344b389efc7cb02c5853e;suicide_by_relocation;0;
2025.04.10-18.13.07;alberti_11;000214e84393436da1ce35a9e1c28eb6;alberti_11;000214e84393436da1ce35a9e1c28eb6;suicide_by_relocation;0;
2025.04.10-18.13.43;RED REAPER8973;00025690b0234d83bcd3c3e04f973b29;XxEL1TExN4M3xX;000279c2696c46c3a5b83353631c95fd;AK-SM;20;
2025.04.10-18.14.31;RED REAPER8973;00025690b0234d83bcd3c3e04f973b29;marcel69punisher;000228363af74c34a718015e4f4e89c4;AK-SM;17;
2025.04.10-18.15.03;RED REAPER8973;00025690b0234d83bcd3c3e04f973b29;Sweet-_-Silent;000277416f994d0f890d01ccf862ed1c;AK-SM;62;
2025.04.10-18.16.23;RED REAPER8973;00025690b0234d83bcd3c3e04f973b29;gypi1337;000292dc25d947ee910e06ce610d7bde;AK-SM;37;
2025.04.10-18.16.57;KURSED MMR;00024be1d7314ef08cca6cb55eb763b0;KURSED MMR;00024be1d7314ef08cca6cb55eb763b0;suicide_by_relocation;0;
2025.04.10-18.17.51;RED REAPER8973;00025690b0234d83bcd3c3e04f973b29;TT2209;0002f6bf065f40d09cb838d83395461e;Mosin;110;
2025.04.10-18.17.54;rafadgb;000222059f5c45f585219fcaaed3c820;rafadgb;000222059f5c45f585219fcaaed3c820;suicide_by_relocation;0;
2025.04.10-18.17.56;RED REAPER8973;00025690b0234d83bcd3c3e04f973b29;sniper1dead;000229724cdc419fb79fa527bb2ab7f8;Mosin;85;
2025.04.10-18.17.56;sniper1dead;000229724cdc419fb79fa527bb2ab7f8;Redmd3348;0002bf38ad254402bedb92e94cade906;Fasam;27;
2025.04.10-18.23.07;Redmd3348;0002bf38ad254402bedb92e94cade906;sniper1dead;000229724cdc419fb79fa527bb2ab7f8;MR5;6;
2025.04.10-18.25.08;Redmd3348;0002bf38ad254402bedb92e94cade906;GlobusPalliduus;00029155cb044266b35c9e750e49bc0f;MR5;63;
2025.04.10-18.25.29;XBUMBLE B3E03X;0002473f9fbb44ea8029f366d35d7572;Bacomen010;0002a0ba724e40a5a7f5b336bce2673c;Skar;14;
2025.04.10-18.25.32;KDN;0002cd52dee34703bb2dcdbc1f356fd1;Jiggy_Jucs;00023762cf9e4b7599095354e63c5d5d;Mosin;126;
2025.04.10-18.26.55;DagoFG;00023f127d5241279122cf3ba7c42ed5;sniper1dead;000229724cdc419fb79fa527bb2ab7f8;Berta M9;3;
2025.04.10-18.27.14;Xbox god1238681;000217eb588b4d55b981381aa02687f9;TT2209;0002f6bf065f40d09cb838d83395461e;AR4-M;12;
2025.04.10-18.27.47;I Cxlamity I;000226d872c04a41a13c0a09d2af158f;Jiggy_Jucs;00023762cf9e4b7599095354e63c5d5d;AR4;21;
2025.04.10-18.28.10;XBUMBLE B3E03X;0002473f9fbb44ea8029f366d35d7572;Bacomen010;0002a0ba724e40a5a7f5b336bce2673c;Skar;12;
2025.04.10-18.29.03;TAS Rhumbo;000245ccea274b43a4bd4fad6b0a11d8;II JteRekt II;0002cca978ee41bb8fddf49d2a8f83af;AR4-M;3;
2025.04.10-18.29.38;sniper1dead;000229724cdc419fb79fa527bb2ab7f8;sniper1dead;000229724cdc419fb79fa527bb2ab7f8;falling;0;
2025.04.10-18.32.40;XBUMBLE B3E03X;0002473f9fbb44ea8029f366d35d7572;Jiggy_Jucs;00023762cf9e4b7599095354e63c5d5d;Skar;2;
2025.04.10-18.34.21;TAS Rhumbo;000245ccea274b43a4bd4fad6b0a11d8;TAS Rhumbo;000245ccea274b43a4bd4fad6b0a11d8;suicide_by_relocation;0;
2025.04.10-18.35.44;alberti_11;000214e84393436da1ce35a9e1c28eb6;MrWICK9952;000267200c31447784840f6e72fe96ff;AR4-M;16;
2025.04.10-18.35.50;TAS Rhumbo;000245ccea274b43a4bd4fad6b0a11d8;Usain BoltJMK;0002b1a541ad488598adcd686a677652;UMR45;1;
2025.04.10-18.36.25;J0RD247;00023295aef94dbf956caa2866aa432e;DagoFG;00023f127d5241279122cf3ba7c42ed5;Mosin;51;
2025.04.10-18.36.35;pirrikamarma;00024915ef594161aaba2c92194f3c3d;pirrikamarma;00024915ef594161aaba2c92194f3c3d;suicide_by_relocation;0;
2025.04.10-18.36.45;Bmwjunior90;0002afcdaa2642a2810df45938819165;ThoughtMite6987;0002adb4c59046c384af7f53fac0ea80;MG-36;41;
2025.04.10-18.37.21;Bmwjunior90;0002afcdaa2642a2810df45938819165;G0 on b0ii;0002744f6f3f4360bda41f7374496378;MG-36;10;
2025.04.10-18.37.32;Usain BoltJMK;0002b1a541ad488598adcd686a677652;TAS Rhumbo;000245ccea274b43a4bd4fad6b0a11d8;MG-36;1;
